state_name,mod,aroc_yrs,expanded_mdcd_b4_16,expanded_mdcd_b4_20,aroc_mean,aroc_lower,aroc_upper,model,model_set,abbreviation
Alabama,agg,2013-2019,FALSE,FALSE,2.3152845004545,1.96259736089479,2.70311190789292,Aggregate,Aggregate,AL
Alabama,mdcd,2013-2019,FALSE,FALSE,1.80627189360223,-1.1707179139764,5.03070077393994,Medicaid,Payer,AL
Alabama,mdcr,2013-2019,FALSE,FALSE,2.88537800369453,2.34570359042575,3.45123862316791,Medicare,Payer,AL
Alabama,oop,2013-2019,FALSE,FALSE,2.54696647376059,0.123737718868794,4.79232401520129,OOP,Payer,AL
Alabama,priv,2013-2019,FALSE,FALSE,1.75851240260021,-0.233378115631061,3.61843666832864,Private,Payer,AL
Alabama,dent,2013-2019,FALSE,FALSE,0.834578488286855,-0.16245477125969,1.88779996875668,Dental,TOC,AL
Alabama,hh,2013-2019,FALSE,FALSE,2.25509209047298,-0.0786312022056057,4.80705172956215,Home health,TOC,AL
Alabama,hosp,2013-2019,FALSE,FALSE,2.34715857459533,1.66898889989274,2.9986529538878,Hospital,TOC,AL
Alabama,nf,2013-2019,FALSE,FALSE,0.262568596863572,-0.853879818762727,1.37239532182119,Skilled nursing,TOC,AL
Alabama,oprof,2013-2019,FALSE,FALSE,2.24672554166183,1.46711115579008,3.05459970968952,Other professional,TOC,AL
Alabama,other,2013-2019,FALSE,FALSE,2.24935259704547,1.00047254389259,3.38257792293249,Other,TOC,AL
Alabama,pharma,2013-2019,FALSE,FALSE,3.80604732169002,2.86053839700406,4.77078113343508,Pharmaceuticals,TOC,AL
Alabama,phys,2013-2019,FALSE,FALSE,1.80103589589558,1.41210381720193,2.21736258911251,Physician/clinical services,TOC,AL
Alaska,agg,2013-2019,TRUE,TRUE,3.29038793364608,2.18644623045288,4.42523572443311,Aggregate,Aggregate,AK
Alaska,mdcd,2013-2019,TRUE,TRUE,4.24457248512406,0.884734463690334,7.51388233878706,Medicaid,Payer,AK
Alaska,mdcr,2013-2019,TRUE,TRUE,6.41429898427702,3.16899002463503,9.79315443402916,Medicare,Payer,AK
Alaska,oop,2013-2019,TRUE,TRUE,3.65596169778157,1.88035074985266,5.37234863833261,OOP,Payer,AK
Alaska,priv,2013-2019,TRUE,TRUE,1.31828241864176,-0.800541990164459,3.36163926862425,Private,Payer,AK
Alaska,dent,2013-2019,TRUE,TRUE,2.05856978280888,0.512176464937649,3.52549533542273,Dental,TOC,AK
Alaska,hh,2013-2019,TRUE,TRUE,1.46428807630882,-3.27049321127978,6.19466835966301,Home health,TOC,AK
Alaska,hosp,2013-2019,TRUE,TRUE,3.94345463224894,2.5542978208239,5.31394615480604,Hospital,TOC,AK
Alaska,nf,2013-2019,TRUE,TRUE,2.41493238893762,0.220801598001935,4.70907513476119,Skilled nursing,TOC,AK
Alaska,oprof,2013-2019,TRUE,TRUE,3.56134543910158,1.37642229703885,6.02511242037919,Other professional,TOC,AK
Alaska,other,2013-2019,TRUE,TRUE,2.30933058654946,0.361410488025303,4.43170617646226,Other,TOC,AK
Alaska,pharma,2013-2019,TRUE,TRUE,4.43583548870154,-2.87269458025279,12.5754563056946,Pharmaceuticals,TOC,AK
Alaska,phys,2013-2019,TRUE,TRUE,2.805128942718,0.797512522921497,4.76622330176006,Physician/clinical services,TOC,AK
Arizona,agg,2013-2019,TRUE,TRUE,2.24636540166475,1.96990169636461,2.54098396740279,Aggregate,Aggregate,AZ
Arizona,mdcd,2013-2019,TRUE,TRUE,4.80995167379923,0.793257104429174,8.81771836068961,Medicaid,Payer,AZ
Arizona,mdcr,2013-2019,TRUE,TRUE,3.10690984966388,2.10775831763645,4.12849194549191,Medicare,Payer,AZ
Arizona,oop,2013-2019,TRUE,TRUE,-1.70497627040155,-10.1063030836418,6.50116283093679,OOP,Payer,AZ
Arizona,priv,2013-2019,TRUE,TRUE,2.88475208350171,-1.12198385026518,6.36914708818984,Private,Payer,AZ
Arizona,dent,2013-2019,TRUE,TRUE,0.770339990214939,-0.277466847895799,1.82494035542069,Dental,TOC,AZ
Arizona,hh,2013-2019,TRUE,TRUE,2.00011930350826,-0.490530560722815,4.3753364913275,Home health,TOC,AZ
Arizona,hosp,2013-2019,TRUE,TRUE,2.15305491408402,1.50539090438954,2.7809149998992,Hospital,TOC,AZ
Arizona,nf,2013-2019,TRUE,TRUE,0.904980794666713,-1.88815694502211,3.8071778833262,Skilled nursing,TOC,AZ
Arizona,oprof,2013-2019,TRUE,TRUE,3.36070063524925,2.51536981850695,4.32280857194699,Other professional,TOC,AZ
Arizona,other,2013-2019,TRUE,TRUE,2.57856245826017,-0.23454346746141,5.40278223136316,Other,TOC,AZ
Arizona,pharma,2013-2019,TRUE,TRUE,3.89366710036312,2.60251341901136,5.2770973347653,Pharmaceuticals,TOC,AZ
Arizona,phys,2013-2019,TRUE,TRUE,1.94239161448226,0.622932507725728,3.32895906205544,Physician/clinical services,TOC,AZ
Arkansas,agg,2013-2019,TRUE,TRUE,3.21792093615274,2.82290927230083,3.65353208443461,Aggregate,Aggregate,AR
Arkansas,mdcd,2013-2019,TRUE,TRUE,6.5086644459426,4.6214283816423,8.24648917184659,Medicaid,Payer,AR
Arkansas,mdcr,2013-2019,TRUE,TRUE,3.40099991214205,-0.373635165479397,7.45087987892693,Medicare,Payer,AR
Arkansas,oop,2013-2019,TRUE,TRUE,0.519063180936594,-1.59005485252605,2.759244264871,OOP,Payer,AR
Arkansas,priv,2013-2019,TRUE,TRUE,2.90457974974161,1.04576228493574,4.76248192293353,Private,Payer,AR
Arkansas,dent,2013-2019,TRUE,TRUE,1.39445494881319,0.467785888630392,2.3881529040625,Dental,TOC,AR
Arkansas,hh,2013-2019,TRUE,TRUE,3.50000236986179,1.45969950428119,5.58046865134035,Home health,TOC,AR
Arkansas,hosp,2013-2019,TRUE,TRUE,3.21145625506577,2.45655078084582,4.04727764813585,Hospital,TOC,AR
Arkansas,nf,2013-2019,TRUE,TRUE,0.684548600914387,-0.960539724695176,2.32162839776963,Skilled nursing,TOC,AR
Arkansas,oprof,2013-2019,TRUE,TRUE,3.34925838009724,1.05730676597354,5.93785662037968,Other professional,TOC,AR
Arkansas,other,2013-2019,TRUE,TRUE,3.80378883875179,-1.13168696714004,8.65382834245556,Other,TOC,AR
Arkansas,pharma,2013-2019,TRUE,TRUE,4.36543562560992,2.66410946080327,6.00850277883237,Pharmaceuticals,TOC,AR
Arkansas,phys,2013-2019,TRUE,TRUE,3.10523669760294,2.40020204686663,3.85374758527674,Physician/clinical services,TOC,AR
California,agg,2013-2019,TRUE,TRUE,2.72158556886268,2.65407328832155,2.79835614808977,Aggregate,Aggregate,CA
California,mdcd,2013-2019,TRUE,TRUE,4.31791108693611,-0.524274734971633,8.31689957295126,Medicaid,Payer,CA
California,mdcr,2013-2019,TRUE,TRUE,3.44200650583156,2.37235768469906,4.57572022636838,Medicare,Payer,CA
California,oop,2013-2019,TRUE,TRUE,0.138005929226797,-6.68215609699317,7.24292095289784,OOP,Payer,CA
California,priv,2013-2019,TRUE,TRUE,2.70961720989047,0.376650313930811,5.0831518723636,Private,Payer,CA
California,dent,2013-2019,TRUE,TRUE,1.25163368142227,-1.69175489924935,4.1226903223375,Dental,TOC,CA
California,hh,2013-2019,TRUE,TRUE,3.13014610496626,1.82632471788756,4.46423112769444,Home health,TOC,CA
California,hosp,2013-2019,TRUE,TRUE,2.62416559955013,1.94572439766379,3.33777368253918,Hospital,TOC,CA
California,nf,2013-2019,TRUE,TRUE,2.21816889069255,1.47060570442221,2.97117993012389,Skilled nursing,TOC,CA
California,oprof,2013-2019,TRUE,TRUE,4.51814470028629,0.823148850289842,8.37277000850305,Other professional,TOC,CA
California,other,2013-2019,TRUE,TRUE,2.39758941925841,-2.58774290614786,7.49576563426971,Other,TOC,CA
California,pharma,2013-2019,TRUE,TRUE,4.77101625735774,3.26177833235848,6.21015051965935,Pharmaceuticals,TOC,CA
California,phys,2013-2019,TRUE,TRUE,2.07006384425893,1.3820840401922,2.72004825057321,Physician/clinical services,TOC,CA
Colorado,agg,2013-2019,TRUE,TRUE,2.43900435605627,2.12192248479844,2.71549125333976,Aggregate,Aggregate,CO
Colorado,mdcd,2013-2019,TRUE,TRUE,6.4112061611291,3.98864665452878,8.84446776753383,Medicaid,Payer,CO
Colorado,mdcr,2013-2019,TRUE,TRUE,3.85842716483156,3.14540193169926,4.55959582880289,Medicare,Payer,CO
Colorado,oop,2013-2019,TRUE,TRUE,-1.72800309357874,-5.87958781559021,2.33869799733911,OOP,Payer,CO
Colorado,priv,2013-2019,TRUE,TRUE,2.46106518615578,0.816301921690321,4.11402511674918,Private,Payer,CO
Colorado,dent,2013-2019,TRUE,TRUE,1.1022285535915,0.224732906833191,2.00869353071083,Dental,TOC,CO
Colorado,hh,2013-2019,TRUE,TRUE,3.22754000392572,0.961807277825795,5.5609438121456,Home health,TOC,CO
Colorado,hosp,2013-2019,TRUE,TRUE,2.84532366866686,1.99917333311956,3.57051631618182,Hospital,TOC,CO
Colorado,nf,2013-2019,TRUE,TRUE,0.664890216855904,-0.362677409940124,1.62491779196101,Skilled nursing,TOC,CO
Colorado,oprof,2013-2019,TRUE,TRUE,3.27109820977053,1.15304652394716,5.37012263444111,Other professional,TOC,CO
Colorado,other,2013-2019,TRUE,TRUE,1.16838748687015,-1.34406423462213,3.90216467349562,Other,TOC,CO
Colorado,pharma,2013-2019,TRUE,TRUE,3.83210273399764,1.74929904512724,5.61479398178043,Pharmaceuticals,TOC,CO
Colorado,phys,2013-2019,TRUE,TRUE,2.03392683726316,1.23156824862145,2.74463285713591,Physician/clinical services,TOC,CO
Connecticut,agg,2013-2019,TRUE,TRUE,2.37140060410961,1.94682241781433,2.8567772278006,Aggregate,Aggregate,CT
Connecticut,mdcd,2013-2019,TRUE,TRUE,2.80219764902949,0.582619792545118,5.00560717343779,Medicaid,Payer,CT
Connecticut,mdcr,2013-2019,TRUE,TRUE,3.25885255312715,2.14984331819179,4.32304116475676,Medicare,Payer,CT
Connecticut,oop,2013-2019,TRUE,TRUE,2.1169191439271,0.130135320196295,4.12532084535672,OOP,Payer,CT
Connecticut,priv,2013-2019,TRUE,TRUE,1.74588273284207,-0.987993149520172,4.46155979581406,Private,Payer,CT
Connecticut,dent,2013-2019,TRUE,TRUE,1.00026455028151,0.101405347806867,1.86226132354727,Dental,TOC,CT
Connecticut,hh,2013-2019,TRUE,TRUE,3.14341568901091,1.89809604300748,4.4553778957223,Home health,TOC,CT
Connecticut,hosp,2013-2019,TRUE,TRUE,2.58836804412438,1.35002896201045,3.9112459897994,Hospital,TOC,CT
Connecticut,nf,2013-2019,TRUE,TRUE,0.233706436642595,-0.972395747672186,1.37406321493733,Skilled nursing,TOC,CT
Connecticut,oprof,2013-2019,TRUE,TRUE,2.85561171207341,2.15235915099106,3.58361031760568,Other professional,TOC,CT
Connecticut,other,2013-2019,TRUE,TRUE,2.32742841026689,-0.561926048725695,5.19247408222104,Other,TOC,CT
Connecticut,pharma,2013-2019,TRUE,TRUE,3.81684114031955,2.54390716800873,5.06105058821133,Pharmaceuticals,TOC,CT
Connecticut,phys,2013-2019,TRUE,TRUE,2.05819949300279,1.27283047287188,2.85995281251767,Physician/clinical services,TOC,CT
Delaware,agg,2013-2019,TRUE,TRUE,2.24070329150194,1.26906977955542,3.18471716825981,Aggregate,Aggregate,DE
Delaware,mdcd,2013-2019,TRUE,TRUE,2.69710975794344,-0.655542525026514,6.09730560380425,Medicaid,Payer,DE
Delaware,mdcr,2013-2019,TRUE,TRUE,3.47744333947743,2.3688139358911,4.63204532336513,Medicare,Payer,DE
Delaware,oop,2013-2019,TRUE,TRUE,0.755558741614017,-2.60512319719854,3.75955554597948,OOP,Payer,DE
Delaware,priv,2013-2019,TRUE,TRUE,2.59023226922389,-1.19060704366442,6.26856630076317,Private,Payer,DE
Delaware,dent,2013-2019,TRUE,TRUE,0.839480265200684,-2.40669591916639,3.84301506932554,Dental,TOC,DE
Delaware,hh,2013-2019,TRUE,TRUE,1.56849619300944,-0.72902589315214,3.88356307326791,Home health,TOC,DE
Delaware,hosp,2013-2019,TRUE,TRUE,2.45685433258007,0.899994427224403,3.93013114369584,Hospital,TOC,DE
Delaware,nf,2013-2019,TRUE,TRUE,0.534009178885024,-2.4587691455601,3.45562265865741,Skilled nursing,TOC,DE
Delaware,oprof,2013-2019,TRUE,TRUE,1.90105149782585,0.0372792168848702,3.75857422026357,Other professional,TOC,DE
Delaware,other,2013-2019,TRUE,TRUE,2.54073180477012,0.450862391778895,4.68379222328488,Other,TOC,DE
Delaware,pharma,2013-2019,TRUE,TRUE,3.66894866515406,2.07349835954236,5.42633008593977,Pharmaceuticals,TOC,DE
Delaware,phys,2013-2019,TRUE,TRUE,1.67155934254288,0.0632211402659455,3.34733583162677,Physician/clinical services,TOC,DE
District of Columbia,agg,2013-2019,TRUE,TRUE,1.66791128739534,0.353192629429589,3.06086432409489,Aggregate,Aggregate,DC
District of Columbia,mdcd,2013-2019,TRUE,TRUE,0.363427867138747,-2.22222686959597,3.02503325260455,Medicaid,Payer,DC
District of Columbia,mdcr,2013-2019,TRUE,TRUE,2.59088478371555,-1.432893312535,6.6535571003162,Medicare,Payer,DC
District of Columbia,oop,2013-2019,TRUE,TRUE,5.73549291452969,1.03482853168723,10.8057432834445,OOP,Payer,DC
District of Columbia,priv,2013-2019,TRUE,TRUE,1.28001610078438,-4.19289133012097,6.20478715491437,Private,Payer,DC
District of Columbia,dent,2013-2019,TRUE,TRUE,-0.388761708891035,-3.27690694183756,2.59563851609946,Dental,TOC,DC
District of Columbia,hh,2013-2019,TRUE,TRUE,2.73160449309551,0.408155221575963,5.11587026691889,Home health,TOC,DC
District of Columbia,hosp,2013-2019,TRUE,TRUE,1.43891724569219,-0.451280473287199,3.47054763640205,Hospital,TOC,DC
District of Columbia,nf,2013-2019,TRUE,TRUE,-0.55600480054501,-5.66462655817137,4.65110592106616,Skilled nursing,TOC,DC
District of Columbia,oprof,2013-2019,TRUE,TRUE,1.83388955466485,0.184289905282977,3.54832992776899,Other professional,TOC,DC
District of Columbia,other,2013-2019,TRUE,TRUE,2.38945479046499,-3.99229477724047,9.407158995256,Other,TOC,DC
District of Columbia,pharma,2013-2019,TRUE,TRUE,3.36951589985029,1.35663438703488,5.39858515118166,Pharmaceuticals,TOC,DC
District of Columbia,phys,2013-2019,TRUE,TRUE,1.52684751420765,-1.17384010079876,4.1925103526898,Physician/clinical services,TOC,DC
Florida,agg,2013-2019,FALSE,FALSE,2.29291810280069,2.05051747578967,2.5139498167272,Aggregate,Aggregate,FL
Florida,mdcd,2013-2019,FALSE,FALSE,2.19701985445238,1.44421091613609,2.97458427589376,Medicaid,Payer,FL
Florida,mdcr,2013-2019,FALSE,FALSE,2.25386579714863,0.127304062098248,4.2629406857444,Medicare,Payer,FL
Florida,oop,2013-2019,FALSE,FALSE,2.0734863143891,1.40589516995888,2.72191912623036,OOP,Payer,FL
Florida,priv,2013-2019,FALSE,FALSE,2.69616665214963,-0.584671154771738,6.26069210607423,Private,Payer,FL
Florida,dent,2013-2019,FALSE,FALSE,1.45053557160747,0.107649011613538,2.78603219188966,Dental,TOC,FL
Florida,hh,2013-2019,FALSE,FALSE,2.35727908928138,-0.224370118514684,4.96507530741866,Home health,TOC,FL
Florida,hosp,2013-2019,FALSE,FALSE,2.71428402153411,2.26520434739404,3.15782470273981,Hospital,TOC,FL
Florida,nf,2013-2019,FALSE,FALSE,-0.436950010784948,-1.408028623548,0.600430446986116,Skilled nursing,TOC,FL
Florida,oprof,2013-2019,FALSE,FALSE,2.86759728094327,1.52513330754378,4.12809932375272,Other professional,TOC,FL
Florida,other,2013-2019,FALSE,FALSE,1.84296707499072,1.26054303296835,2.44095942742007,Other,TOC,FL
Florida,pharma,2013-2019,FALSE,FALSE,3.97173127540729,2.82960535447126,5.17360235299057,Pharmaceuticals,TOC,FL
Florida,phys,2013-2019,FALSE,FALSE,1.56597882302459,0.926211481204899,2.18019933676544,Physician/clinical services,TOC,FL
Georgia,agg,2013-2019,FALSE,FALSE,2.32900109657063,2.17315878234076,2.48511588552125,Aggregate,Aggregate,GA
Georgia,mdcd,2013-2019,FALSE,FALSE,1.8348528138606,0.29596357212729,3.40171920639545,Medicaid,Payer,GA
Georgia,mdcr,2013-2019,FALSE,FALSE,2.98897739400073,1.20738082341839,4.78033356791116,Medicare,Payer,GA
Georgia,oop,2013-2019,FALSE,FALSE,2.6372329398185,1.32427526415859,4.00354447723222,OOP,Payer,GA
Georgia,priv,2013-2019,FALSE,FALSE,1.87195012415746,1.57750711125492,2.17680937908281,Private,Payer,GA
Georgia,dent,2013-2019,FALSE,FALSE,0.84545313458531,-0.237610811489058,1.9647332798993,Dental,TOC,GA
Georgia,hh,2013-2019,FALSE,FALSE,1.13029176821472,-0.935680587017164,3.00516617023069,Home health,TOC,GA
Georgia,hosp,2013-2019,FALSE,FALSE,2.6144472613859,2.32950340414808,2.87477249905468,Hospital,TOC,GA
Georgia,nf,2013-2019,FALSE,FALSE,-0.00967376134279885,-2.07877188867995,2.03100214899355,Skilled nursing,TOC,GA
Georgia,oprof,2013-2019,FALSE,FALSE,2.53137099026579,1.03855932759941,4.10137030433646,Other professional,TOC,GA
Georgia,other,2013-2019,FALSE,FALSE,1.7764277818579,-0.788423252583697,4.15177719293814,Other,TOC,GA
Georgia,pharma,2013-2019,FALSE,FALSE,3.50816001660953,1.4304651288183,5.68206438796979,Pharmaceuticals,TOC,GA
Georgia,phys,2013-2019,FALSE,FALSE,2.19267764723201,1.00069572510106,3.3652976137061,Physician/clinical services,TOC,GA
Hawaii,agg,2013-2019,TRUE,TRUE,2.7761113218246,1.76624206603109,3.81963090139406,Aggregate,Aggregate,HI
Hawaii,mdcd,2013-2019,TRUE,TRUE,3.8314211474975,1.30241282848893,6.44075553290704,Medicaid,Payer,HI
Hawaii,mdcr,2013-2019,TRUE,TRUE,3.90587686263261,2.68586407221225,5.19616928105986,Medicare,Payer,HI
Hawaii,oop,2013-2019,TRUE,TRUE,1.70994341046471,-0.255509933473438,3.77563250491266,OOP,Payer,HI
Hawaii,priv,2013-2019,TRUE,TRUE,2.56608750728014,0.790693166851699,4.36235866860414,Private,Payer,HI
Hawaii,dent,2013-2019,TRUE,TRUE,1.14011096555241,-1.45114765823949,3.79838269788062,Dental,TOC,HI
Hawaii,hh,2013-2019,TRUE,TRUE,4.37527382862032,1.29348511459018,7.55457840594097,Home health,TOC,HI
Hawaii,hosp,2013-2019,TRUE,TRUE,2.81907223122758,1.70617247952562,3.94081176125459,Hospital,TOC,HI
Hawaii,nf,2013-2019,TRUE,TRUE,0.901383635706143,-0.139912916401162,2.01269086900447,Skilled nursing,TOC,HI
Hawaii,oprof,2013-2019,TRUE,TRUE,2.84068538690092,1.3525940211275,4.40304512678854,Other professional,TOC,HI
Hawaii,other,2013-2019,TRUE,TRUE,2.79928934982916,0.429085054345055,5.36659610113284,Other,TOC,HI
Hawaii,pharma,2013-2019,TRUE,TRUE,4.60673581447213,3.04066286072557,6.18444507585989,Pharmaceuticals,TOC,HI
Hawaii,phys,2013-2019,TRUE,TRUE,2.1357083650816,0.962046266083272,3.34619094215762,Physician/clinical services,TOC,HI
Idaho,agg,2013-2019,FALSE,FALSE,1.71841152696759,0.885453289945915,2.57471658621332,Aggregate,Aggregate,ID
Idaho,mdcd,2013-2019,FALSE,FALSE,0.43495456641542,-3.1998288701388,4.36434594525931,Medicaid,Payer,ID
Idaho,mdcr,2013-2019,FALSE,FALSE,3.03073575758709,2.13965734547145,3.95715082990632,Medicare,Payer,ID
Idaho,oop,2013-2019,FALSE,FALSE,0.708814641519327,-2.44520913484738,3.95022335273774,OOP,Payer,ID
Idaho,priv,2013-2019,FALSE,FALSE,2.26090183453132,-1.1518520124444,5.47273424861864,Private,Payer,ID
Idaho,dent,2013-2019,FALSE,FALSE,0.309715819976219,-2.74418682176829,3.16993370230515,Dental,TOC,ID
Idaho,hh,2013-2019,FALSE,FALSE,2.13613527201608,0.12811371177586,4.17591081305498,Home health,TOC,ID
Idaho,hosp,2013-2019,FALSE,FALSE,2.0618891331089,-0.0237655904963632,3.91765305430789,Hospital,TOC,ID
Idaho,nf,2013-2019,FALSE,FALSE,0.0292060434194467,-1.52102357047087,1.66100548852591,Skilled nursing,TOC,ID
Idaho,oprof,2013-2019,FALSE,FALSE,1.85128973952265,0.78490792263691,2.96048751468372,Other professional,TOC,ID
Idaho,other,2013-2019,FALSE,FALSE,1.60499828073477,-2.86691971915246,5.68729242821357,Other,TOC,ID
Idaho,pharma,2013-2019,FALSE,FALSE,2.72004728231494,0.631102769267839,4.8389100957029,Pharmaceuticals,TOC,ID
Idaho,phys,2013-2019,FALSE,FALSE,1.08352613511399,-1.09939312716129,3.34158286765179,Physician/clinical services,TOC,ID
Illinois,agg,2013-2019,TRUE,TRUE,2.47776749722611,2.3109837223834,2.64269508996425,Aggregate,Aggregate,IL
Illinois,mdcd,2013-2019,TRUE,TRUE,1.08302773337109,-6.30614909713616,8.97187174941885,Medicaid,Payer,IL
Illinois,mdcr,2013-2019,TRUE,TRUE,3.06754078832278,1.68262192823997,4.34428161625448,Medicare,Payer,IL
Illinois,oop,2013-2019,TRUE,TRUE,2.96865841243335,-0.557531167237947,6.44655144922804,OOP,Payer,IL
Illinois,priv,2013-2019,TRUE,TRUE,2.35273797066527,0.569040265249583,4.04404545742533,Private,Payer,IL
Illinois,dent,2013-2019,TRUE,TRUE,0.90091420899033,-0.734485590435732,2.56919939215893,Dental,TOC,IL
Illinois,hh,2013-2019,TRUE,TRUE,1.8126541895969,0.032025141895814,3.6327858274197,Home health,TOC,IL
Illinois,hosp,2013-2019,TRUE,TRUE,3.13281499155282,2.61530331733427,3.65856497194919,Hospital,TOC,IL
Illinois,nf,2013-2019,TRUE,TRUE,0.389938171776164,-0.484467838221783,1.21676518303324,Skilled nursing,TOC,IL
Illinois,oprof,2013-2019,TRUE,TRUE,3.07489841371334,1.81615704332631,4.32302921532596,Other professional,TOC,IL
Illinois,other,2013-2019,TRUE,TRUE,1.43416208801301,0.205503833415003,2.61958045018151,Other,TOC,IL
Illinois,pharma,2013-2019,TRUE,TRUE,3.68722321744917,1.53079579924367,5.81485241074843,Pharmaceuticals,TOC,IL
Illinois,phys,2013-2019,TRUE,TRUE,1.80167202461006,1.4645996398221,2.13069624828005,Physician/clinical services,TOC,IL
Indiana,agg,2013-2019,TRUE,TRUE,2.83073797928217,2.64351497386639,3.03702802678076,Aggregate,Aggregate,IN
Indiana,mdcd,2013-2019,TRUE,TRUE,6.3192088775823,4.28223800334608,8.32721219685877,Medicaid,Payer,IN
Indiana,mdcr,2013-2019,TRUE,TRUE,3.31620159373067,1.24534774983706,5.39789386247781,Medicare,Payer,IN
Indiana,oop,2013-2019,TRUE,TRUE,1.8984752866167,-0.331830244168644,4.16556320907487,OOP,Payer,IN
Indiana,priv,2013-2019,TRUE,TRUE,1.64639479702132,-0.813384759817699,4.03734279667528,Private,Payer,IN
Indiana,dent,2013-2019,TRUE,TRUE,1.05581405953598,-0.295060064727873,2.46925697331525,Dental,TOC,IN
Indiana,hh,2013-2019,TRUE,TRUE,2.59216688938706,1.72680335568575,3.54077224135464,Home health,TOC,IN
Indiana,hosp,2013-2019,TRUE,TRUE,3.3960320982427,2.91700439630029,3.87981300162298,Hospital,TOC,IN
Indiana,nf,2013-2019,TRUE,TRUE,0.940944368171621,-0.39607201715651,2.2817128186558,Skilled nursing,TOC,IN
Indiana,oprof,2013-2019,TRUE,TRUE,2.88879461665528,1.16156058297766,4.54020601722446,Other professional,TOC,IN
Indiana,other,2013-2019,TRUE,TRUE,2.76202809864905,1.23271733791228,4.27271288848212,Other,TOC,IN
Indiana,pharma,2013-2019,TRUE,TRUE,3.89244136981311,2.95717743275709,4.75571419472324,Pharmaceuticals,TOC,IN
Indiana,phys,2013-2019,TRUE,TRUE,1.96770343004525,1.25054378106942,2.66589297114073,Physician/clinical services,TOC,IN
Iowa,agg,2013-2019,TRUE,TRUE,2.31255098058301,1.86327992081026,2.77655718453912,Aggregate,Aggregate,IA
Iowa,mdcd,2013-2019,TRUE,TRUE,4.49726024565775,0.360320416123147,8.5859568063642,Medicaid,Payer,IA
Iowa,mdcr,2013-2019,TRUE,TRUE,3.16853960328898,1.42707736105184,4.73673506034321,Medicare,Payer,IA
Iowa,oop,2013-2019,TRUE,TRUE,1.11955318281501,-1.25099643897162,3.3813600611331,OOP,Payer,IA
Iowa,priv,2013-2019,TRUE,TRUE,1.79013690457647,-0.442370779534881,3.77858796919699,Private,Payer,IA
Iowa,dent,2013-2019,TRUE,TRUE,1.00310692309742,-0.300432909932964,2.37392101049946,Dental,TOC,IA
Iowa,hh,2013-2019,TRUE,TRUE,3.14201887960406,0.724054582535467,5.50588209486293,Home health,TOC,IA
Iowa,hosp,2013-2019,TRUE,TRUE,2.54787458260104,2.07798036457062,3.02457191673915,Hospital,TOC,IA
Iowa,nf,2013-2019,TRUE,TRUE,0.96070568358001,0.12290635548007,1.83689904902033,Skilled nursing,TOC,IA
Iowa,oprof,2013-2019,TRUE,TRUE,2.4286220857971,1.74636820183536,3.14055958460614,Other professional,TOC,IA
Iowa,other,2013-2019,TRUE,TRUE,2.08687392833433,1.34328382621476,2.80062666066317,Other,TOC,IA
Iowa,pharma,2013-2019,TRUE,TRUE,3.59592853733012,2.79106031341956,4.45227861204877,Pharmaceuticals,TOC,IA
Iowa,phys,2013-2019,TRUE,TRUE,1.74288520544598,1.17841080967159,2.3529991177985,Physician/clinical services,TOC,IA
Kansas,agg,2013-2019,FALSE,FALSE,2.81856708683569,2.41831741381896,3.22957901574847,Aggregate,Aggregate,KS
Kansas,mdcd,2013-2019,FALSE,FALSE,2.74739125887609,-0.27544943428483,5.82586725891606,Medicaid,Payer,KS
Kansas,mdcr,2013-2019,FALSE,FALSE,4.0816051350239,3.04595053849934,5.15566203320857,Medicare,Payer,KS
Kansas,oop,2013-2019,FALSE,FALSE,-0.163110057121753,-7.88348717341241,7.27002321082588,OOP,Payer,KS
Kansas,priv,2013-2019,FALSE,FALSE,4.47660611318632,-2.38011919356729,10.2688367023911,Private,Payer,KS
Kansas,dent,2013-2019,FALSE,FALSE,1.53823137415452,0.980051066659556,2.13102121822924,Dental,TOC,KS
Kansas,hh,2013-2019,FALSE,FALSE,2.44740716427141,-1.26801504184198,6.2882442218022,Home health,TOC,KS
Kansas,hosp,2013-2019,FALSE,FALSE,3.62257301740131,2.97726200377775,4.20484015958515,Hospital,TOC,KS
Kansas,nf,2013-2019,FALSE,FALSE,0.987737444164092,-0.750132089830112,2.75674494672135,Skilled nursing,TOC,KS
Kansas,oprof,2013-2019,FALSE,FALSE,2.62942962426689,1.60615213967562,3.714620886635,Other professional,TOC,KS
Kansas,other,2013-2019,FALSE,FALSE,1.24632340066212,-0.808428054748029,3.08189098794936,Other,TOC,KS
Kansas,pharma,2013-2019,FALSE,FALSE,3.96439590757644,2.97829076002721,4.97648436445617,Pharmaceuticals,TOC,KS
Kansas,phys,2013-2019,FALSE,FALSE,2.16554484979321,0.77325536994547,3.51586690682433,Physician/clinical services,TOC,KS
Kentucky,agg,2013-2019,TRUE,TRUE,2.84554592794789,2.46154980945449,3.26542536668841,Aggregate,Aggregate,KY
Kentucky,mdcd,2013-2019,TRUE,TRUE,8.49757933635765,7.54516286909096,9.43254444601381,Medicaid,Payer,KY
Kentucky,mdcr,2013-2019,TRUE,TRUE,2.98853451261208,1.91811284272903,4.18548195786376,Medicare,Payer,KY
Kentucky,oop,2013-2019,TRUE,TRUE,-0.534546284935212,-1.41987603852507,0.360747023307804,OOP,Payer,KY
Kentucky,priv,2013-2019,TRUE,TRUE,1.92246054162947,-1.85662758360053,5.3141160425832,Private,Payer,KY
Kentucky,dent,2013-2019,TRUE,TRUE,1.03967775886284,-0.0806629434542838,2.16873022149716,Dental,TOC,KY
Kentucky,hh,2013-2019,TRUE,TRUE,2.82372412861792,0.327604590184006,5.28526855138675,Home health,TOC,KY
Kentucky,hosp,2013-2019,TRUE,TRUE,3.02611382524074,2.43423735977376,3.65002692245713,Hospital,TOC,KY
Kentucky,nf,2013-2019,TRUE,TRUE,0.536568352301259,-0.432387990854194,1.64578661813546,Skilled nursing,TOC,KY
Kentucky,oprof,2013-2019,TRUE,TRUE,3.02179652313801,1.76820160851534,4.25275511882356,Other professional,TOC,KY
Kentucky,other,2013-2019,TRUE,TRUE,3.99252300259955,2.35361114979236,5.74875994962186,Other,TOC,KY
Kentucky,pharma,2013-2019,TRUE,TRUE,3.72131815409269,2.37569206544145,5.01814721913291,Pharmaceuticals,TOC,KY
Kentucky,phys,2013-2019,TRUE,TRUE,2.38274382788528,0.779492760167101,4.02684766589642,Physician/clinical services,TOC,KY
Louisiana,agg,2013-2019,FALSE,TRUE,2.81841696529605,2.55537046764272,3.10165575386971,Aggregate,Aggregate,LA
Louisiana,mdcd,2013-2019,FALSE,TRUE,4.48740743434461,0.508262116298646,8.46538549213579,Medicaid,Payer,LA
Louisiana,mdcr,2013-2019,FALSE,TRUE,3.15254805190646,1.50230640099275,4.78245660416755,Medicare,Payer,LA
Louisiana,oop,2013-2019,FALSE,TRUE,1.77942621690577,-2.86066449701972,6.39749305230777,OOP,Payer,LA
Louisiana,priv,2013-2019,FALSE,TRUE,1.99922089494378,-0.612198421284271,4.71411972654171,Private,Payer,LA
Louisiana,dent,2013-2019,FALSE,TRUE,1.32883088546937,-0.65604859811646,3.28512285646799,Dental,TOC,LA
Louisiana,hh,2013-2019,FALSE,TRUE,2.49563963279921,0.530572478112113,4.4387857060303,Home health,TOC,LA
Louisiana,hosp,2013-2019,FALSE,TRUE,3.25256016770444,2.76780936589425,3.71924865494336,Hospital,TOC,LA
Louisiana,nf,2013-2019,FALSE,TRUE,0.841289953077093,0.0750730953183665,1.60189874741951,Skilled nursing,TOC,LA
Louisiana,oprof,2013-2019,FALSE,TRUE,3.17691566130954,1.56325104287078,4.8407817374945,Other professional,TOC,LA
Louisiana,other,2013-2019,FALSE,TRUE,1.68626718271319,0.00085735722580888,3.5060026301669,Other,TOC,LA
Louisiana,pharma,2013-2019,FALSE,TRUE,3.60326844530841,2.00560994613244,5.11964741003851,Pharmaceuticals,TOC,LA
Louisiana,phys,2013-2019,FALSE,TRUE,2.57983879111756,1.43526150602148,3.74258091126523,Physician/clinical services,TOC,LA
Maine,agg,2013-2019,FALSE,TRUE,2.69120932844674,1.79645573585406,3.66132942536601,Aggregate,Aggregate,ME
Maine,mdcd,2013-2019,FALSE,TRUE,0.670797055878962,-1.12656852827355,2.45587072053259,Medicaid,Payer,ME
Maine,mdcr,2013-2019,FALSE,TRUE,3.70692865479422,2.51173263842047,4.99314409844157,Medicare,Payer,ME
Maine,oop,2013-2019,FALSE,TRUE,3.14381219650263,-2.23350857509022,8.226323341917,OOP,Payer,ME
Maine,priv,2013-2019,FALSE,TRUE,2.76650608270928,-0.377444127712243,5.8276397924802,Private,Payer,ME
Maine,dent,2013-2019,FALSE,TRUE,1.03580400427752,-1.81603148403567,3.82083890477589,Dental,TOC,ME
Maine,hh,2013-2019,FALSE,TRUE,2.97770878792387,1.8178342470341,4.20465566393524,Home health,TOC,ME
Maine,hosp,2013-2019,FALSE,TRUE,2.95951304505836,1.76977954257341,4.23674301394783,Hospital,TOC,ME
Maine,nf,2013-2019,FALSE,TRUE,0.288880811357952,-1.07999011467901,1.81419851330394,Skilled nursing,TOC,ME
Maine,oprof,2013-2019,FALSE,TRUE,2.3171899702955,0.926891459683412,3.6757069284881,Other professional,TOC,ME
Maine,other,2013-2019,FALSE,TRUE,3.45904216862956,1.31736552400692,5.69250665025718,Other,TOC,ME
Maine,pharma,2013-2019,FALSE,TRUE,3.85433905802689,2.09208790567264,5.58295184080978,Pharmaceuticals,TOC,ME
Maine,phys,2013-2019,FALSE,TRUE,1.98554385060189,1.09697506133949,2.99749834744512,Physician/clinical services,TOC,ME
Maryland,agg,2013-2019,TRUE,TRUE,2.10814607222407,1.89374346745333,2.32043612945189,Aggregate,Aggregate,MD
Maryland,mdcd,2013-2019,TRUE,TRUE,4.80392654507951,3.81260148848113,5.82071436275029,Medicaid,Payer,MD
Maryland,mdcr,2013-2019,TRUE,TRUE,2.94306623614058,2.46519334310278,3.41353949326016,Medicare,Payer,MD
Maryland,oop,2013-2019,TRUE,TRUE,0.588751418158044,-0.163706442258708,1.32787714979263,OOP,Payer,MD
Maryland,priv,2013-2019,TRUE,TRUE,1.61673813818034,0.292208999440748,3.00086624862342,Private,Payer,MD
Maryland,dent,2013-2019,TRUE,TRUE,0.67343334466345,-0.108436391923856,1.53516074147611,Dental,TOC,MD
Maryland,hh,2013-2019,TRUE,TRUE,2.50511404165349,0.872597421349172,4.20168618893074,Home health,TOC,MD
Maryland,hosp,2013-2019,TRUE,TRUE,2.49744872536748,2.12023606834843,2.87310756046407,Hospital,TOC,MD
Maryland,nf,2013-2019,TRUE,TRUE,-0.115845953995468,-0.682132105951836,0.397397668089629,Skilled nursing,TOC,MD
Maryland,oprof,2013-2019,TRUE,TRUE,2.63500644224565,1.09668269473043,4.21786446230773,Other professional,TOC,MD
Maryland,other,2013-2019,TRUE,TRUE,2.24493890259038,0.795522501545455,3.59841051891928,Other,TOC,MD
Maryland,pharma,2013-2019,TRUE,TRUE,3.04260957403536,1.36096148905225,4.63809730021682,Pharmaceuticals,TOC,MD
Maryland,phys,2013-2019,TRUE,TRUE,1.72042348396014,0.794476618850298,2.65421578593482,Physician/clinical services,TOC,MD
Massachusetts,agg,2013-2019,TRUE,TRUE,1.94846663541086,1.71697267685397,2.17219342089803,Aggregate,Aggregate,MA
Massachusetts,mdcd,2013-2019,TRUE,TRUE,2.62597572900611,0.395127788263918,4.81324018537699,Medicaid,Payer,MA
Massachusetts,mdcr,2013-2019,TRUE,TRUE,3.13204477140178,2.64427262419482,3.62088956041798,Medicare,Payer,MA
Massachusetts,oop,2013-2019,TRUE,TRUE,1.64919982321154,0.437351318217998,2.84950747947038,OOP,Payer,MA
Massachusetts,priv,2013-2019,TRUE,TRUE,1.08654065073845,0.00839838749559452,2.14150788917775,Private,Payer,MA
Massachusetts,dent,2013-2019,TRUE,TRUE,0.862505523438619,0.0705256296793849,1.67956291867688,Dental,TOC,MA
Massachusetts,hh,2013-2019,TRUE,TRUE,3.82179904928283,-0.370689156914277,8.1297311369848,Home health,TOC,MA
Massachusetts,hosp,2013-2019,TRUE,TRUE,2.25075162736051,1.2414490913978,3.27270862968399,Hospital,TOC,MA
Massachusetts,nf,2013-2019,TRUE,TRUE,-0.452630899562978,-1.54794765518178,0.62698889085944,Skilled nursing,TOC,MA
Massachusetts,oprof,2013-2019,TRUE,TRUE,2.42622229223243,1.76778416438747,3.05229832145486,Other professional,TOC,MA
Massachusetts,other,2013-2019,TRUE,TRUE,1.25461836320973,0.503946661204544,2.056303427292,Other,TOC,MA
Massachusetts,pharma,2013-2019,TRUE,TRUE,3.60741957826291,2.07500409352548,5.19025524897226,Pharmaceuticals,TOC,MA
Massachusetts,phys,2013-2019,TRUE,TRUE,1.23160374530648,0.628513389880976,1.77645303285219,Physician/clinical services,TOC,MA
Michigan,agg,2013-2019,TRUE,TRUE,2.43970119374186,2.13540139007338,2.79941544061653,Aggregate,Aggregate,MI
Michigan,mdcd,2013-2019,TRUE,TRUE,3.91614387401266,2.00381871985421,5.97295347727295,Medicaid,Payer,MI
Michigan,mdcr,2013-2019,TRUE,TRUE,2.69784700036055,1.10217439684336,4.25121179954793,Medicare,Payer,MI
Michigan,oop,2013-2019,TRUE,TRUE,1.70059988440713,-3.51315637863413,6.95206588350202,OOP,Payer,MI
Michigan,priv,2013-2019,TRUE,TRUE,1.95572457394126,-1.41384028978332,5.20311944700927,Private,Payer,MI
Michigan,dent,2013-2019,TRUE,TRUE,0.886801228881118,-0.316638699621376,2.11832663145559,Dental,TOC,MI
Michigan,hh,2013-2019,TRUE,TRUE,2.09951102118687,0.641879217010429,3.52870495912538,Home health,TOC,MI
Michigan,hosp,2013-2019,TRUE,TRUE,2.73883488772054,2.30845787649931,3.16628901098487,Hospital,TOC,MI
Michigan,nf,2013-2019,TRUE,TRUE,0.524356595848845,-0.769162363786079,1.77502440178195,Skilled nursing,TOC,MI
Michigan,oprof,2013-2019,TRUE,TRUE,3.20930537035234,2.61071309887378,3.83702848469639,Other professional,TOC,MI
Michigan,other,2013-2019,TRUE,TRUE,1.4566000789768,0.155075984657723,2.74148460929179,Other,TOC,MI
Michigan,pharma,2013-2019,TRUE,TRUE,3.96561183625091,2.88600484842293,5.04613081680262,Pharmaceuticals,TOC,MI
Michigan,phys,2013-2019,TRUE,TRUE,2.0087146155906,1.15555076713998,2.84309756523581,Physician/clinical services,TOC,MI
Minnesota,agg,2013-2019,TRUE,TRUE,2.26430562217481,2.07695885833653,2.45434594701952,Aggregate,Aggregate,MN
Minnesota,mdcd,2013-2019,TRUE,TRUE,3.42739574955054,1.95575145065682,4.92784683558236,Medicaid,Payer,MN
Minnesota,mdcr,2013-2019,TRUE,TRUE,3.56279232232248,3.05935082338236,4.05446145909879,Medicare,Payer,MN
Minnesota,oop,2013-2019,TRUE,TRUE,-0.0616159133088926,-1.82880232243276,1.73487270938052,OOP,Payer,MN
Minnesota,priv,2013-2019,TRUE,TRUE,2.76749128049387,1.25801552903901,4.31530948605189,Private,Payer,MN
Minnesota,dent,2013-2019,TRUE,TRUE,0.921514981622459,-1.66321177474744,3.51600150725018,Dental,TOC,MN
Minnesota,hh,2013-2019,TRUE,TRUE,3.78885976327769,0.388397184859183,7.34279881641619,Home health,TOC,MN
Minnesota,hosp,2013-2019,TRUE,TRUE,2.52095671078116,1.76862512712622,3.4039128708054,Hospital,TOC,MN
Minnesota,nf,2013-2019,TRUE,TRUE,0.944459316085203,0.387824001890782,1.49173925761324,Skilled nursing,TOC,MN
Minnesota,oprof,2013-2019,TRUE,TRUE,2.83574621538679,2.2384801892416,3.42086977948722,Other professional,TOC,MN
Minnesota,other,2013-2019,TRUE,TRUE,2.65689110599433,2.1535956769179,3.14168814007351,Other,TOC,MN
Minnesota,pharma,2013-2019,TRUE,TRUE,2.90829534858054,0.834509109497374,4.98670140911331,Pharmaceuticals,TOC,MN
Minnesota,phys,2013-2019,TRUE,TRUE,1.39625070932262,0.329031830866758,2.47363648880901,Physician/clinical services,TOC,MN
Mississippi,agg,2013-2019,FALSE,FALSE,1.84047627262466,1.39737988677826,2.28336916538613,Aggregate,Aggregate,MS
Mississippi,mdcd,2013-2019,FALSE,FALSE,1.44336893815418,-0.255826980722682,3.3680623867536,Medicaid,Payer,MS
Mississippi,mdcr,2013-2019,FALSE,FALSE,2.72578058357137,1.88150767823791,3.53572906785448,Medicare,Payer,MS
Mississippi,oop,2013-2019,FALSE,FALSE,1.13070578196817,-1.73563647301342,4.03413826981457,OOP,Payer,MS
Mississippi,priv,2013-2019,FALSE,FALSE,1.90028532532642,-0.552270663505724,4.31598178726258,Private,Payer,MS
Mississippi,dent,2013-2019,FALSE,FALSE,0.667955607226929,-0.448150798252518,1.86653675549277,Dental,TOC,MS
Mississippi,hh,2013-2019,FALSE,FALSE,1.71487750080694,-0.482628169411102,4.09879880934285,Home health,TOC,MS
Mississippi,hosp,2013-2019,FALSE,FALSE,1.73499140219646,0.867374148043739,2.54649852709748,Hospital,TOC,MS
Mississippi,nf,2013-2019,FALSE,FALSE,0.392743196552201,-0.5807311836407,1.42067750152371,Skilled nursing,TOC,MS
Mississippi,oprof,2013-2019,FALSE,FALSE,2.83594366838012,0.555386236716616,4.91293813536365,Other professional,TOC,MS
Mississippi,other,2013-2019,FALSE,FALSE,2.54242933888554,0.709321970210095,4.26037676026966,Other,TOC,MS
Mississippi,pharma,2013-2019,FALSE,FALSE,3.30503171195312,2.03644838604003,4.55579639329593,Pharmaceuticals,TOC,MS
Mississippi,phys,2013-2019,FALSE,FALSE,1.22102357430647,0.126716309350704,2.1694726006355,Physician/clinical services,TOC,MS
Missouri,agg,2013-2019,FALSE,FALSE,2.28477321118101,2.06585893359228,2.49159130021905,Aggregate,Aggregate,MO
Missouri,mdcd,2013-2019,FALSE,FALSE,1.53222534970078,0.987869079677068,2.0847856265122,Medicaid,Payer,MO
Missouri,mdcr,2013-2019,FALSE,FALSE,3.23063253915559,2.50465799994199,3.92734091666706,Medicare,Payer,MO
Missouri,oop,2013-2019,FALSE,FALSE,2.66202838051674,1.14137166090946,4.22729430553773,OOP,Payer,MO
Missouri,priv,2013-2019,FALSE,FALSE,1.72075131598578,0.0944500022395584,3.32496235973093,Private,Payer,MO
Missouri,dent,2013-2019,FALSE,FALSE,0.987666244349453,0.00648395787807732,1.9790903940684,Dental,TOC,MO
Missouri,hh,2013-2019,FALSE,FALSE,2.47548385991735,1.35430182603738,3.6454065375889,Home health,TOC,MO
Missouri,hosp,2013-2019,FALSE,FALSE,2.57897719305585,1.86337773338157,3.26023052863634,Hospital,TOC,MO
Missouri,nf,2013-2019,FALSE,FALSE,0.576770034199871,-0.203262328394493,1.40525705577559,Skilled nursing,TOC,MO
Missouri,oprof,2013-2019,FALSE,FALSE,2.02547600012045,0.80125834057702,3.1742275801555,Other professional,TOC,MO
Missouri,other,2013-2019,FALSE,FALSE,1.28103672633883,0.0415460453803685,2.54249320231902,Other,TOC,MO
Missouri,pharma,2013-2019,FALSE,FALSE,4.10195381907935,2.92072146227791,5.2305925516489,Pharmaceuticals,TOC,MO
Missouri,phys,2013-2019,FALSE,FALSE,1.3761713495098,0.39589786618447,2.3681691626852,Physician/clinical services,TOC,MO
Montana,agg,2013-2019,FALSE,TRUE,3.00016726517204,1.92514534180942,4.04492011128708,Aggregate,Aggregate,MT
Montana,mdcd,2013-2019,FALSE,TRUE,5.81626390720967,1.14876058308934,10.6708846758924,Medicaid,Payer,MT
Montana,mdcr,2013-2019,FALSE,TRUE,4.70007115359266,3.44338058373756,6.0582912036552,Medicare,Payer,MT
Montana,oop,2013-2019,FALSE,TRUE,1.34745397180669,-0.37816314490673,3.1108272315331,OOP,Payer,MT
Montana,priv,2013-2019,FALSE,TRUE,2.8186846519646,1.2706846982394,4.43701883755815,Private,Payer,MT
Montana,dent,2013-2019,FALSE,TRUE,1.98482725318972,0.419388078741769,3.48848136593611,Dental,TOC,MT
Montana,hh,2013-2019,FALSE,TRUE,2.62813985727647,0.50590861940518,4.71411724961418,Home health,TOC,MT
Montana,hosp,2013-2019,FALSE,TRUE,3.19511182912154,2.02025985474518,4.36773070244556,Hospital,TOC,MT
Montana,nf,2013-2019,FALSE,TRUE,1.49018983187487,-0.629101327839731,3.58570568825485,Skilled nursing,TOC,MT
Montana,oprof,2013-2019,FALSE,TRUE,3.53572520871197,1.73388098640462,5.42913046706268,Other professional,TOC,MT
Montana,other,2013-2019,FALSE,TRUE,3.59803434463537,1.41641149590436,5.90058088489577,Other,TOC,MT
Montana,pharma,2013-2019,FALSE,TRUE,3.83268926162562,1.25382863050471,6.2796319414176,Pharmaceuticals,TOC,MT
Montana,phys,2013-2019,FALSE,TRUE,2.39472369870592,1.0930243318561,3.76251182275997,Physician/clinical services,TOC,MT
Nebraska,agg,2013-2019,FALSE,FALSE,2.73929330898863,2.10836135592135,3.3906258914724,Aggregate,Aggregate,NE
Nebraska,mdcd,2013-2019,FALSE,FALSE,1.91308804674247,-1.7104617329684,5.33085205299837,Medicaid,Payer,NE
Nebraska,mdcr,2013-2019,FALSE,FALSE,3.83367587349254,2.53456479454712,5.10982937086432,Medicare,Payer,NE
Nebraska,oop,2013-2019,FALSE,FALSE,1.43999856289807,-3.41597561605486,6.111194447985,OOP,Payer,NE
Nebraska,priv,2013-2019,FALSE,FALSE,3.44297127502484,-1.98816574927131,8.70460995009936,Private,Payer,NE
Nebraska,dent,2013-2019,FALSE,FALSE,1.50881235230655,-0.00978054953171296,3.10366652494032,Dental,TOC,NE
Nebraska,hh,2013-2019,FALSE,FALSE,2.07036031728661,0.418007047763386,3.62676435921745,Home health,TOC,NE
Nebraska,hosp,2013-2019,FALSE,FALSE,3.45050650181485,2.68014668891063,4.25153743699126,Hospital,TOC,NE
Nebraska,nf,2013-2019,FALSE,FALSE,0.777189258741012,-0.00989661227501907,1.53182458378556,Skilled nursing,TOC,NE
Nebraska,oprof,2013-2019,FALSE,FALSE,2.35909927430183,0.356965053636484,4.38208297434653,Other professional,TOC,NE
Nebraska,other,2013-2019,FALSE,FALSE,2.45159687140626,1.3285672482119,3.54805151649376,Other,TOC,NE
Nebraska,pharma,2013-2019,FALSE,FALSE,3.71867030464572,2.66106513807048,4.87320583825593,Pharmaceuticals,TOC,NE
Nebraska,phys,2013-2019,FALSE,FALSE,1.72930416812224,0.880797552542349,2.61708568134389,Physician/clinical services,TOC,NE
Nevada,agg,2013-2019,TRUE,TRUE,2.84228914513638,2.38803152438689,3.31168281599911,Aggregate,Aggregate,NV
Nevada,mdcd,2013-2019,TRUE,TRUE,10.5670517798497,5.69281991567332,15.3136364962893,Medicaid,Payer,NV
Nevada,mdcr,2013-2019,TRUE,TRUE,3.45126984874037,1.66334752271816,5.12563948021708,Medicare,Payer,NV
Nevada,oop,2013-2019,TRUE,TRUE,-0.161993778423998,-6.32758032967147,5.76907679835996,OOP,Payer,NV
Nevada,priv,2013-2019,TRUE,TRUE,1.98442956320523,-7.62222644485384,10.0545871888454,Private,Payer,NV
Nevada,dent,2013-2019,TRUE,TRUE,1.3157060471844,0.212951259911031,2.37879269233205,Dental,TOC,NV
Nevada,hh,2013-2019,TRUE,TRUE,1.66250020600644,-1.12783573352949,4.51891845230661,Home health,TOC,NV
Nevada,hosp,2013-2019,TRUE,TRUE,3.39874667542383,2.52897448492059,4.27177573490485,Hospital,TOC,NV
Nevada,nf,2013-2019,TRUE,TRUE,0.602508270031916,-2.41131198543051,3.50774066171806,Skilled nursing,TOC,NV
Nevada,oprof,2013-2019,TRUE,TRUE,2.57932258402321,1.65033207754125,3.48756368601337,Other professional,TOC,NV
Nevada,other,2013-2019,TRUE,TRUE,3.08676995723154,0.761833812746798,5.46851236723562,Other,TOC,NV
Nevada,pharma,2013-2019,TRUE,TRUE,3.83138809073636,1.33132711936778,6.27602733250667,Pharmaceuticals,TOC,NV
Nevada,phys,2013-2019,TRUE,TRUE,2.38403150781853,1.86948228735338,2.87271703629606,Physician/clinical services,TOC,NV
New Hampshire,agg,2013-2019,TRUE,TRUE,2.45684406445374,1.79079720091212,3.15768706068179,Aggregate,Aggregate,NH
New Hampshire,mdcd,2013-2019,TRUE,TRUE,5.17152907872597,2.1464209338164,8.09090838690594,Medicaid,Payer,NH
New Hampshire,mdcr,2013-2019,TRUE,TRUE,4.10103698711272,3.16025773346308,4.99699819715403,Medicare,Payer,NH
New Hampshire,oop,2013-2019,TRUE,TRUE,0.631955741799637,-3.04241729516837,4.24495848122719,OOP,Payer,NH
New Hampshire,priv,2013-2019,TRUE,TRUE,2.469357401794,0.0328240803039643,5.08743641504597,Private,Payer,NH
New Hampshire,dent,2013-2019,TRUE,TRUE,1.75865621370487,0.815685853752954,2.71892591865896,Dental,TOC,NH
New Hampshire,hh,2013-2019,TRUE,TRUE,3.27516417184509,2.25807397039332,4.28899212057679,Home health,TOC,NH
New Hampshire,hosp,2013-2019,TRUE,TRUE,2.90033920139239,1.91892365312447,3.88193532541598,Hospital,TOC,NH
New Hampshire,nf,2013-2019,TRUE,TRUE,0.900956328404695,0.164065961921388,1.70850922220693,Skilled nursing,TOC,NH
New Hampshire,oprof,2013-2019,TRUE,TRUE,2.89850606240903,0.314841131725335,5.71925973137329,Other professional,TOC,NH
New Hampshire,other,2013-2019,TRUE,TRUE,1.27512108393245,-0.592883372580996,3.12547005119891,Other,TOC,NH
New Hampshire,pharma,2013-2019,TRUE,TRUE,3.42830261644108,2.10184274042843,4.7341238683964,Pharmaceuticals,TOC,NH
New Hampshire,phys,2013-2019,TRUE,TRUE,2.01941805336832,1.14117897071487,3.04202864434109,Physician/clinical services,TOC,NH
New Jersey,agg,2013-2019,TRUE,TRUE,2.30920494115766,2.15610825729612,2.45708281355546,Aggregate,Aggregate,NJ
New Jersey,mdcd,2013-2019,TRUE,TRUE,5.54198168563786,4.15148769981259,7.00439771187877,Medicaid,Payer,NJ
New Jersey,mdcr,2013-2019,TRUE,TRUE,2.95652817985292,1.27089331670281,4.60959723231208,Medicare,Payer,NJ
New Jersey,oop,2013-2019,TRUE,TRUE,0.655698719896278,-1.80007034270129,2.95525061839954,OOP,Payer,NJ
New Jersey,priv,2013-2019,TRUE,TRUE,1.74027249401474,0.528604897442915,2.97253227095369,Private,Payer,NJ
New Jersey,dent,2013-2019,TRUE,TRUE,0.739462111527471,-0.034874360603816,1.5242715166564,Dental,TOC,NJ
New Jersey,hh,2013-2019,TRUE,TRUE,2.16336524533719,0.984752880812182,3.34073541510817,Home health,TOC,NJ
New Jersey,hosp,2013-2019,TRUE,TRUE,2.55733233345373,2.21705466294811,2.92138748761551,Hospital,TOC,NJ
New Jersey,nf,2013-2019,TRUE,TRUE,-0.293370755584375,-1.67878150796094,1.08121193563607,Skilled nursing,TOC,NJ
New Jersey,oprof,2013-2019,TRUE,TRUE,2.51446796632534,1.73742622078428,3.37503018209453,Other professional,TOC,NJ
New Jersey,other,2013-2019,TRUE,TRUE,3.53434918406479,2.29107489753686,4.70501364856727,Other,TOC,NJ
New Jersey,pharma,2013-2019,TRUE,TRUE,3.82242111448588,2.39520339172288,5.2486209744267,Pharmaceuticals,TOC,NJ
New Jersey,phys,2013-2019,TRUE,TRUE,1.67966262744343,0.812575468960822,2.49149266406127,Physician/clinical services,TOC,NJ
New Mexico,agg,2013-2019,TRUE,TRUE,3.41455416890934,2.77664697432272,4.07642242063162,Aggregate,Aggregate,NM
New Mexico,mdcd,2013-2019,TRUE,TRUE,6.28144337638104,4.36544764353137,8.3077405776203,Medicaid,Payer,NM
New Mexico,mdcr,2013-2019,TRUE,TRUE,4.28593778574473,2.6190327357425,6.04664418144363,Medicare,Payer,NM
New Mexico,oop,2013-2019,TRUE,TRUE,2.28450375074574,0.750868629348388,3.89334646601984,OOP,Payer,NM
New Mexico,priv,2013-2019,TRUE,TRUE,1.46074825659222,-2.67842350118283,5.71685352581824,Private,Payer,NM
New Mexico,dent,2013-2019,TRUE,TRUE,1.92815942505759,-0.0171330768310779,3.97200035149775,Dental,TOC,NM
New Mexico,hh,2013-2019,TRUE,TRUE,4.45746462673718,3.24239454419341,5.62542676597667,Home health,TOC,NM
New Mexico,hosp,2013-2019,TRUE,TRUE,4.15488453766769,3.33358905317324,4.99789690899721,Hospital,TOC,NM
New Mexico,nf,2013-2019,TRUE,TRUE,1.39595147666954,-1.03356089550707,4.16608020830681,Skilled nursing,TOC,NM
New Mexico,oprof,2013-2019,TRUE,TRUE,3.01733337530172,1.92894949990867,4.15246892278417,Other professional,TOC,NM
New Mexico,other,2013-2019,TRUE,TRUE,2.464885142014,-0.905128895325194,5.81153189458634,Other,TOC,NM
New Mexico,pharma,2013-2019,TRUE,TRUE,4.66997048740793,2.67088078794992,6.90610099580407,Pharmaceuticals,TOC,NM
New Mexico,phys,2013-2019,TRUE,TRUE,2.23900586894994,1.05851483376976,3.47547532206112,Physician/clinical services,TOC,NM
New York,agg,2013-2019,TRUE,TRUE,2.4110687005287,2.2854549252862,2.52380190639509,Aggregate,Aggregate,NY
New York,mdcd,2013-2019,TRUE,TRUE,1.34974265237298,0.266989704308502,2.45950727341593,Medicaid,Payer,NY
New York,mdcr,2013-2019,TRUE,TRUE,3.16255536075216,2.17041018736669,4.05912687305356,Medicare,Payer,NY
New York,oop,2013-2019,TRUE,TRUE,4.60971196889477,1.05677459037159,8.05272720762405,OOP,Payer,NY
New York,priv,2013-2019,TRUE,TRUE,1.42453149208463,-1.5481259735282,4.3813658234304,Private,Payer,NY
New York,dent,2013-2019,TRUE,TRUE,0.605502506855059,0.0695531641155966,1.11541001994885,Dental,TOC,NY
New York,hh,2013-2019,TRUE,TRUE,4.7634190648121,3.79795398140169,5.72898619643404,Home health,TOC,NY
New York,hosp,2013-2019,TRUE,TRUE,2.68491639072174,2.39655005844296,2.99992099025813,Hospital,TOC,NY
New York,nf,2013-2019,TRUE,TRUE,-0.322856697850894,-1.16600047009032,0.574417160268599,Skilled nursing,TOC,NY
New York,oprof,2013-2019,TRUE,TRUE,2.87084740760379,1.80949737665,3.87248197883426,Other professional,TOC,NY
New York,other,2013-2019,TRUE,TRUE,1.97312503341126,-0.0962499256054871,3.9680123670162,Other,TOC,NY
New York,pharma,2013-2019,TRUE,TRUE,3.87574901974098,2.12479242740357,5.66662585767004,Pharmaceuticals,TOC,NY
New York,phys,2013-2019,TRUE,TRUE,1.57037346799019,1.04460642982432,2.14399184543816,Physician/clinical services,TOC,NY
North Carolina,agg,2013-2019,FALSE,FALSE,2.03864982391323,1.86495067115141,2.2178683070531,Aggregate,Aggregate,NC
North Carolina,mdcd,2013-2019,FALSE,FALSE,1.5554352703425,-0.874525247594848,4.0707855176561,Medicaid,Payer,NC
North Carolina,mdcr,2013-2019,FALSE,FALSE,2.66503853399982,0.837686336677692,4.33676273153919,Medicare,Payer,NC
North Carolina,oop,2013-2019,FALSE,FALSE,1.2014372260579,-2.49942932924149,4.71316276005644,OOP,Payer,NC
North Carolina,priv,2013-2019,FALSE,FALSE,2.57247296990417,0.907622374422565,4.11609967304975,Private,Payer,NC
North Carolina,dent,2013-2019,FALSE,FALSE,1.05638630321045,0.286867883515675,1.77358244476624,Dental,TOC,NC
North Carolina,hh,2013-2019,FALSE,FALSE,2.12699960125485,-0.926608690104052,5.22843286246958,Home health,TOC,NC
North Carolina,hosp,2013-2019,FALSE,FALSE,2.39350533698392,1.62752192850059,3.16893920731419,Hospital,TOC,NC
North Carolina,nf,2013-2019,FALSE,FALSE,0.0575680965294232,-0.586439111154232,0.653361310987477,Skilled nursing,TOC,NC
North Carolina,oprof,2013-2019,FALSE,FALSE,2.70125370336399,1.56149761435352,3.81566251831216,Other professional,TOC,NC
North Carolina,other,2013-2019,FALSE,FALSE,0.588684614559723,-9.03929633441285,10.7042254176272,Other,TOC,NC
North Carolina,pharma,2013-2019,FALSE,FALSE,3.4856728111974,2.06622562040408,4.95641418646144,Pharmaceuticals,TOC,NC
North Carolina,phys,2013-2019,FALSE,FALSE,1.40961489362197,0.446442384813749,2.34778371268288,Physician/clinical services,TOC,NC
North Dakota,agg,2013-2019,TRUE,TRUE,2.50532673000942,1.31804802204523,3.78359838244782,Aggregate,Aggregate,ND
North Dakota,mdcd,2013-2019,TRUE,TRUE,8.73189590364723,3.68151656959294,13.8832657050917,Medicaid,Payer,ND
North Dakota,mdcr,2013-2019,TRUE,TRUE,3.31888228636353,-1.39814672223512,8.11277369776753,Medicare,Payer,ND
North Dakota,oop,2013-2019,TRUE,TRUE,1.36739199154943,-0.0762661093180228,2.91036528764941,OOP,Payer,ND
North Dakota,priv,2013-2019,TRUE,TRUE,0.922732332487941,-2.30243239595617,4.07517806593187,Private,Payer,ND
North Dakota,dent,2013-2019,TRUE,TRUE,1.41525786274635,0.033666524916775,2.9382311695965,Dental,TOC,ND
North Dakota,hh,2013-2019,TRUE,TRUE,2.476132267809,-2.13712693850941,7.00678320942032,Home health,TOC,ND
North Dakota,hosp,2013-2019,TRUE,TRUE,3.10022489210672,1.51468824849842,4.78678229417119,Hospital,TOC,ND
North Dakota,nf,2013-2019,TRUE,TRUE,0.816395497748903,-0.813886184142354,2.372669848141,Skilled nursing,TOC,ND
North Dakota,oprof,2013-2019,TRUE,TRUE,2.95878633573822,0.114025711050437,5.90650372446464,Other professional,TOC,ND
North Dakota,other,2013-2019,TRUE,TRUE,2.62763227254581,0.587267258858916,4.48578421484409,Other,TOC,ND
North Dakota,pharma,2013-2019,TRUE,TRUE,2.93189846049375,-1.12345246754449,7.26036198639129,Pharmaceuticals,TOC,ND
North Dakota,phys,2013-2019,TRUE,TRUE,1.50385268991285,-0.0860264822616819,3.16427341213732,Physician/clinical services,TOC,ND
Ohio,agg,2013-2019,TRUE,TRUE,2.58585627540241,2.36642222990975,2.84583717976153,Aggregate,Aggregate,OH
Ohio,mdcd,2013-2019,TRUE,TRUE,3.6210644597714,2.29874339149379,4.92159437478573,Medicaid,Payer,OH
Ohio,mdcr,2013-2019,TRUE,TRUE,2.8195326722981,1.48026218356224,4.00969854555444,Medicare,Payer,OH
Ohio,oop,2013-2019,TRUE,TRUE,2.64157478518857,0.074707774605956,5.1304993562673,OOP,Payer,OH
Ohio,priv,2013-2019,TRUE,TRUE,1.84978250106245,-0.3002318827194,3.78499130082021,Private,Payer,OH
Ohio,dent,2013-2019,TRUE,TRUE,0.769720336834107,-2.29757852963053,3.79190959446039,Dental,TOC,OH
Ohio,hh,2013-2019,TRUE,TRUE,2.58030042224925,1.36077158488349,3.74019542428388,Home health,TOC,OH
Ohio,hosp,2013-2019,TRUE,TRUE,2.86366247198052,2.29734660117013,3.45842279989594,Hospital,TOC,OH
Ohio,nf,2013-2019,TRUE,TRUE,-0.387072162001859,-1.19551638284866,0.480879838623973,Skilled nursing,TOC,OH
Ohio,oprof,2013-2019,TRUE,TRUE,2.61422830904003,1.90855458615699,3.3197251538943,Other professional,TOC,OH
Ohio,other,2013-2019,TRUE,TRUE,3.87355397450807,2.36300472093946,5.45352203922543,Other,TOC,OH
Ohio,pharma,2013-2019,TRUE,TRUE,3.90163087396651,2.03792602912689,5.83368340270143,Pharmaceuticals,TOC,OH
Ohio,phys,2013-2019,TRUE,TRUE,2.05541465987475,1.37878297333924,2.76842652430037,Physician/clinical services,TOC,OH
Oklahoma,agg,2013-2019,FALSE,FALSE,2.61634040786129,2.26204308341829,2.95454448424533,Aggregate,Aggregate,OK
Oklahoma,mdcd,2013-2019,FALSE,FALSE,0.72925166290708,-2.05149237385281,3.61383408455277,Medicaid,Payer,OK
Oklahoma,mdcr,2013-2019,FALSE,FALSE,3.43138277336001,2.14435361575445,4.66973138951721,Medicare,Payer,OK
Oklahoma,oop,2013-2019,FALSE,FALSE,2.26789905448858,-1.57120674064274,5.95825096693438,OOP,Payer,OK
Oklahoma,priv,2013-2019,FALSE,FALSE,3.24045630187409,-2.4387910188346,8.53243741871929,Private,Payer,OK
Oklahoma,dent,2013-2019,FALSE,FALSE,1.08933759357705,0.250037234718374,2.00282297346976,Dental,TOC,OK
Oklahoma,hh,2013-2019,FALSE,FALSE,1.28007120440141,-5.59608007352976,9.13479681673205,Home health,TOC,OK
Oklahoma,hosp,2013-2019,FALSE,FALSE,3.16860449143912,2.09229320942259,4.14063313381856,Hospital,TOC,OK
Oklahoma,nf,2013-2019,FALSE,FALSE,0.673919856303002,-0.40084117805532,1.7082127291205,Skilled nursing,TOC,OK
Oklahoma,oprof,2013-2019,FALSE,FALSE,2.99145069436837,1.01013370365209,4.95986911133505,Other professional,TOC,OK
Oklahoma,other,2013-2019,FALSE,FALSE,1.44330432305685,-1.02073326209826,3.90422730214792,Other,TOC,OK
Oklahoma,pharma,2013-2019,FALSE,FALSE,3.64200812839828,2.82285660935614,4.43311004956657,Pharmaceuticals,TOC,OK
Oklahoma,phys,2013-2019,FALSE,FALSE,2.01196372249715,1.54156723671316,2.46446452813086,Physician/clinical services,TOC,OK
Oregon,agg,2013-2019,TRUE,TRUE,2.88647523770573,2.58844071929052,3.18959698549997,Aggregate,Aggregate,OR
Oregon,mdcd,2013-2019,TRUE,TRUE,8.91134845356098,7.65903314624604,10.1884241984909,Medicaid,Payer,OR
Oregon,mdcr,2013-2019,TRUE,TRUE,3.70105195756695,1.50069820628927,5.88333176983455,Medicare,Payer,OR
Oregon,oop,2013-2019,TRUE,TRUE,-0.654120796001827,-2.51672269595505,1.2733880700642,OOP,Payer,OR
Oregon,priv,2013-2019,TRUE,TRUE,1.82446682567299,-3.63568650433382,6.95765017201009,Private,Payer,OR
Oregon,dent,2013-2019,TRUE,TRUE,1.06768217612131,-0.204965066307989,2.31915049937042,Dental,TOC,OR
Oregon,hh,2013-2019,TRUE,TRUE,2.83560584439074,1.13257114531906,4.47197682877006,Home health,TOC,OR
Oregon,hosp,2013-2019,TRUE,TRUE,3.48240246311605,3.05435616731858,3.89462066583955,Hospital,TOC,OR
Oregon,nf,2013-2019,TRUE,TRUE,1.65481575237621,0.443423650846859,2.99700647385948,Skilled nursing,TOC,OR
Oregon,oprof,2013-2019,TRUE,TRUE,2.73678670890321,1.57655861035555,3.97623849179637,Other professional,TOC,OR
Oregon,other,2013-2019,TRUE,TRUE,3.79902754114635,1.18820080401278,6.24185903851791,Other,TOC,OR
Oregon,pharma,2013-2019,TRUE,TRUE,3.95510710689531,2.64986554884383,5.20272031885765,Pharmaceuticals,TOC,OR
Oregon,phys,2013-2019,TRUE,TRUE,1.81983559196947,0.973961006048897,2.7000392259936,Physician/clinical services,TOC,OR
Pennsylvania,agg,2013-2019,TRUE,TRUE,2.35965115698555,2.20516999680115,2.5357992497398,Aggregate,Aggregate,PA
Pennsylvania,mdcd,2013-2019,TRUE,TRUE,3.67992096371229,2.93578772287547,4.43064263506258,Medicaid,Payer,PA
Pennsylvania,mdcr,2013-2019,TRUE,TRUE,2.97685451635373,0.746561139288348,5.10961148198035,Medicare,Payer,PA
Pennsylvania,oop,2013-2019,TRUE,TRUE,1.62659235230928,-0.38901194093772,3.76046374405871,OOP,Payer,PA
Pennsylvania,priv,2013-2019,TRUE,TRUE,1.81425212077178,0.868205473336132,2.84492573203994,Private,Payer,PA
Pennsylvania,dent,2013-2019,TRUE,TRUE,0.81175896499636,-0.264744959636747,1.87022308257004,Dental,TOC,PA
Pennsylvania,hh,2013-2019,TRUE,TRUE,4.29800073219015,2.38663995791478,6.2779544177365,Home health,TOC,PA
Pennsylvania,hosp,2013-2019,TRUE,TRUE,2.48347724299863,2.08007048026037,2.88299165705606,Hospital,TOC,PA
Pennsylvania,nf,2013-2019,TRUE,TRUE,-0.319048371691855,-1.22296786904481,0.611530959620579,Skilled nursing,TOC,PA
Pennsylvania,oprof,2013-2019,TRUE,TRUE,2.04894420621816,0.985454410491396,3.13069759126069,Other professional,TOC,PA
Pennsylvania,other,2013-2019,TRUE,TRUE,2.98923872159585,2.38845223901378,3.56658093359051,Other,TOC,PA
Pennsylvania,pharma,2013-2019,TRUE,TRUE,3.97540605890288,2.84113143304259,5.09699167118072,Pharmaceuticals,TOC,PA
Pennsylvania,phys,2013-2019,TRUE,TRUE,1.86310748985182,1.33141750326437,2.40644245896795,Physician/clinical services,TOC,PA
Rhode Island,agg,2013-2019,TRUE,TRUE,2.03248481121552,0.741255811022111,3.41310152216783,Aggregate,Aggregate,RI
Rhode Island,mdcd,2013-2019,TRUE,TRUE,3.85259678265864,-0.258895175653332,7.95205675206948,Medicaid,Payer,RI
Rhode Island,mdcr,2013-2019,TRUE,TRUE,2.22439992448303,0.322090385607289,4.34774061122727,Medicare,Payer,RI
Rhode Island,oop,2013-2019,TRUE,TRUE,2.46860203027088,-2.93404377202282,7.50275244648206,OOP,Payer,RI
Rhode Island,priv,2013-2019,TRUE,TRUE,0.284558278688767,-7.26652546630306,7.37605366908058,Private,Payer,RI
Rhode Island,dent,2013-2019,TRUE,TRUE,0.637312344115915,-1.29345373207276,2.63441794804723,Dental,TOC,RI
Rhode Island,hh,2013-2019,TRUE,TRUE,2.37010414281781,0.856449896305254,3.95123276760774,Home health,TOC,RI
Rhode Island,hosp,2013-2019,TRUE,TRUE,2.35740667900735,1.02388930674592,3.74401510975816,Hospital,TOC,RI
Rhode Island,nf,2013-2019,TRUE,TRUE,0.202823178509798,-1.40894320283627,1.86945745833601,Skilled nursing,TOC,RI
Rhode Island,oprof,2013-2019,TRUE,TRUE,2.16549097543921,0.456037684387928,4.04506388751326,Other professional,TOC,RI
Rhode Island,other,2013-2019,TRUE,TRUE,1.12851516418696,-1.57627096542772,3.7869075751716,Other,TOC,RI
Rhode Island,pharma,2013-2019,TRUE,TRUE,3.52783726030394,1.70658223342512,5.38585470999188,Pharmaceuticals,TOC,RI
Rhode Island,phys,2013-2019,TRUE,TRUE,1.69867003365994,0.151818086147535,3.30072589767744,Physician/clinical services,TOC,RI
South Carolina,agg,2013-2019,FALSE,FALSE,1.93125481043245,1.67662439805162,2.19138559248009,Aggregate,Aggregate,SC
South Carolina,mdcd,2013-2019,FALSE,FALSE,2.33278637223553,-0.643970771777919,5.45719310844831,Medicaid,Payer,SC
South Carolina,mdcr,2013-2019,FALSE,FALSE,2.79746925169595,2.28523246978232,3.30856123875106,Medicare,Payer,SC
South Carolina,oop,2013-2019,FALSE,FALSE,1.18471235417226,-0.249826519395764,2.62206173669914,OOP,Payer,SC
South Carolina,priv,2013-2019,FALSE,FALSE,1.62304613035166,0.850693784592721,2.39332006592432,Private,Payer,SC
South Carolina,dent,2013-2019,FALSE,FALSE,1.02823540503051,0.106062125544795,1.9278645436143,Dental,TOC,SC
South Carolina,hh,2013-2019,FALSE,FALSE,2.28989666980476,-0.114243737770583,4.62247906348931,Home health,TOC,SC
South Carolina,hosp,2013-2019,FALSE,FALSE,2.06336553859647,1.51491156429551,2.6395917025152,Hospital,TOC,SC
South Carolina,nf,2013-2019,FALSE,FALSE,0.44888749011797,-0.995882508409462,1.82068549048506,Skilled nursing,TOC,SC
South Carolina,oprof,2013-2019,FALSE,FALSE,1.75000711703485,0.54513824136643,2.95402385664813,Other professional,TOC,SC
South Carolina,other,2013-2019,FALSE,FALSE,2.39692271890051,1.22159037570473,3.55861490552135,Other,TOC,SC
South Carolina,pharma,2013-2019,FALSE,FALSE,2.81153141054315,2.26490705122098,3.38289814887614,Pharmaceuticals,TOC,SC
South Carolina,phys,2013-2019,FALSE,FALSE,1.38299245305194,0.483719950101754,2.30682508994056,Physician/clinical services,TOC,SC
South Dakota,agg,2013-2019,FALSE,FALSE,2.89613491623465,1.70698331363311,4.14998915870721,Aggregate,Aggregate,SD
South Dakota,mdcd,2013-2019,FALSE,FALSE,1.33797858333817,-1.96719189452917,4.41439568254362,Medicaid,Payer,SD
South Dakota,mdcr,2013-2019,FALSE,FALSE,4.30501976911307,2.83435780727714,5.8189718053771,Medicare,Payer,SD
South Dakota,oop,2013-2019,FALSE,FALSE,2.80676338116382,1.33762743191774,4.44258929084042,OOP,Payer,SD
South Dakota,priv,2013-2019,FALSE,FALSE,2.66252192766038,1.32726375684251,4.07206485151879,Private,Payer,SD
South Dakota,dent,2013-2019,FALSE,FALSE,1.74502856825113,-0.262036214289004,3.81212779372534,Dental,TOC,SD
South Dakota,hh,2013-2019,FALSE,FALSE,4.83303026528003,-0.0917661134913739,10.4745560124054,Home health,TOC,SD
South Dakota,hosp,2013-2019,FALSE,FALSE,3.49858956994719,2.11623908373062,4.95160915197085,Hospital,TOC,SD
South Dakota,nf,2013-2019,FALSE,FALSE,0.819840974314966,-1.52378536851315,3.21572018097229,Skilled nursing,TOC,SD
South Dakota,oprof,2013-2019,FALSE,FALSE,3.00218610146952,1.60713211039294,4.4165624898986,Other professional,TOC,SD
South Dakota,other,2013-2019,FALSE,FALSE,2.45678428117956,0.804125867446827,3.97774688917531,Other,TOC,SD
South Dakota,pharma,2013-2019,FALSE,FALSE,3.70307281273839,2.2432910926545,5.19246947713434,Pharmaceuticals,TOC,SD
South Dakota,phys,2013-2019,FALSE,FALSE,1.82921075489632,-0.278981661443973,4.01919917519914,Physician/clinical services,TOC,SD
Tennessee,agg,2013-2019,FALSE,FALSE,1.80900029932644,1.51288754209978,2.11279506109369,Aggregate,Aggregate,TN
Tennessee,mdcd,2013-2019,FALSE,FALSE,-0.854188974027431,-16.7574827275162,14.2394063506274,Medicaid,Payer,TN
Tennessee,mdcr,2013-2019,FALSE,FALSE,2.45032943869323,1.87813784027958,3.02479310941558,Medicare,Payer,TN
Tennessee,oop,2013-2019,FALSE,FALSE,2.64313369287176,0.0664795328058033,5.52758875082786,OOP,Payer,TN
Tennessee,priv,2013-2019,FALSE,FALSE,1.9763107887281,-1.31639894335474,5.06600812185507,Private,Payer,TN
Tennessee,dent,2013-2019,FALSE,FALSE,0.59291064470546,-0.69671087399422,1.94758179642434,Dental,TOC,TN
Tennessee,hh,2013-2019,FALSE,FALSE,2.22980449379341,0.475474638111515,4.0815526557384,Home health,TOC,TN
Tennessee,hosp,2013-2019,FALSE,FALSE,2.06780355834763,1.37030744307679,2.79613143641382,Hospital,TOC,TN
Tennessee,nf,2013-2019,FALSE,FALSE,-0.189134805941955,-1.86157131703449,1.50720893784694,Skilled nursing,TOC,TN
Tennessee,oprof,2013-2019,FALSE,FALSE,2.28423541479211,1.19259700892465,3.46993698288612,Other professional,TOC,TN
Tennessee,other,2013-2019,FALSE,FALSE,1.04047856121425,0.279683859024478,1.8090441302389,Other,TOC,TN
Tennessee,pharma,2013-2019,FALSE,FALSE,3.17307981303863,1.40841140628665,4.8784603891292,Pharmaceuticals,TOC,TN
Tennessee,phys,2013-2019,FALSE,FALSE,1.28733070666241,0.369744423620619,2.19399633558703,Physician/clinical services,TOC,TN
Texas,agg,2013-2019,FALSE,FALSE,1.94697697880347,1.87551571310052,2.01991488079387,Aggregate,Aggregate,TX
Texas,mdcd,2013-2019,FALSE,FALSE,2.74631876401208,1.39384899024153,4.08479985612744,Medicaid,Payer,TX
Texas,mdcr,2013-2019,FALSE,FALSE,2.44004119430099,0.671341654304067,4.27368366656886,Medicare,Payer,TX
Texas,oop,2013-2019,FALSE,FALSE,0.812370252260012,-0.919164056248912,2.56232384978816,OOP,Payer,TX
Texas,priv,2013-2019,FALSE,FALSE,2.02897711020552,-0.144754757372398,4.24443743106365,Private,Payer,TX
Texas,dent,2013-2019,FALSE,FALSE,1.17476827929268,-0.890094365302895,3.30875290748377,Dental,TOC,TX
Texas,hh,2013-2019,FALSE,FALSE,1.33604814960558,-1.28413001123643,3.91077903054661,Home health,TOC,TX
Texas,hosp,2013-2019,FALSE,FALSE,2.04450054015808,1.72179934399578,2.37644354591782,Hospital,TOC,TX
Texas,nf,2013-2019,FALSE,FALSE,0.576751206471967,-0.685447371807657,1.78537939843395,Skilled nursing,TOC,TX
Texas,oprof,2013-2019,FALSE,FALSE,4.1891773659825,2.15762847897576,6.16235289139271,Other professional,TOC,TX
Texas,other,2013-2019,FALSE,FALSE,2.02743985115411,0.376706545945713,3.64838122504063,Other,TOC,TX
Texas,pharma,2013-2019,FALSE,FALSE,3.14413552641714,1.45434824953959,4.90151412762605,Pharmaceuticals,TOC,TX
Texas,phys,2013-2019,FALSE,FALSE,1.24641859695763,0.961342667203753,1.5264346017496,Physician/clinical services,TOC,TX
Utah,agg,2013-2019,FALSE,FALSE,2.44799655316708,1.89828344392307,2.99294884624807,Aggregate,Aggregate,UT
Utah,mdcd,2013-2019,FALSE,FALSE,0.90950133070007,-1.59493419693568,3.4428213859821,Medicaid,Payer,UT
Utah,mdcr,2013-2019,FALSE,FALSE,3.65804343657331,2.21490701091355,5.05794412026784,Medicare,Payer,UT
Utah,oop,2013-2019,FALSE,FALSE,2.31012815604282,1.261060290719,3.4637764865917,OOP,Payer,UT
Utah,priv,2013-2019,FALSE,FALSE,2.41886659699014,1.61405980786242,3.18731558510136,Private,Payer,UT
Utah,dent,2013-2019,FALSE,FALSE,0.8590345393446,-0.166580490315672,1.8854369863054,Dental,TOC,UT
Utah,hh,2013-2019,FALSE,FALSE,1.92584840428258,0.747198818563092,3.10057864839771,Home health,TOC,UT
Utah,hosp,2013-2019,FALSE,FALSE,3.38330290092302,2.70072115037486,4.11117449647573,Hospital,TOC,UT
Utah,nf,2013-2019,FALSE,FALSE,0.297739721801607,-1.31712114589698,1.8691888914722,Skilled nursing,TOC,UT
Utah,oprof,2013-2019,FALSE,FALSE,2.93174903290045,1.85222761653233,4.01675488394853,Other professional,TOC,UT
Utah,other,2013-2019,FALSE,FALSE,2.27771179097181,0.910190259223853,3.59400467854703,Other,TOC,UT
Utah,pharma,2013-2019,FALSE,FALSE,3.11080784450992,1.29852259913861,4.90634453268674,Pharmaceuticals,TOC,UT
Utah,phys,2013-2019,FALSE,FALSE,1.30482993233386,0.54377085225176,2.07345255270007,Physician/clinical services,TOC,UT
Vermont,agg,2013-2019,TRUE,TRUE,2.77918290610392,1.01019776114366,4.62346693043509,Aggregate,Aggregate,VT
Vermont,mdcd,2013-2019,TRUE,TRUE,1.042580387844,-3.42260409848636,5.71127212348743,Medicaid,Payer,VT
Vermont,mdcr,2013-2019,TRUE,TRUE,3.14041338437641,-0.884537157535934,7.40713664519827,Medicare,Payer,VT
Vermont,oop,2013-2019,TRUE,TRUE,2.65184577331927,-10.4173316741827,13.8636289548598,OOP,Payer,VT
Vermont,priv,2013-2019,TRUE,TRUE,3.68644026016338,-1.03976751296843,8.28247513844752,Private,Payer,VT
Vermont,dent,2013-2019,TRUE,TRUE,1.3454174607449,-0.74759377529076,3.63856897633145,Dental,TOC,VT
Vermont,hh,2013-2019,TRUE,TRUE,3.44469865099794,1.36059553347723,5.79892838477738,Home health,TOC,VT
Vermont,hosp,2013-2019,TRUE,TRUE,3.35795536831628,1.54363533756377,5.21878228123733,Hospital,TOC,VT
Vermont,nf,2013-2019,TRUE,TRUE,1.38016465458215,-0.458166854537812,3.31625502579892,Skilled nursing,TOC,VT
Vermont,oprof,2013-2019,TRUE,TRUE,3.13060336473118,1.04415168722951,5.45883303278979,Other professional,TOC,VT
Vermont,other,2013-2019,TRUE,TRUE,2.69612083393148,0.603761597586927,4.77839249378495,Other,TOC,VT
Vermont,pharma,2013-2019,TRUE,TRUE,2.45308792504515,0.592595520470127,4.50351484888463,Pharmaceuticals,TOC,VT
Vermont,phys,2013-2019,TRUE,TRUE,2.10252176660982,0.293827568919134,4.00602872364155,Physician/clinical services,TOC,VT
Virginia,agg,2013-2019,FALSE,TRUE,2.44417198710262,2.27623745990277,2.58361995732039,Aggregate,Aggregate,VA
Virginia,mdcd,2013-2019,FALSE,TRUE,3.25948946368488,-0.509022885742756,7.08330537910777,Medicaid,Payer,VA
Virginia,mdcr,2013-2019,FALSE,TRUE,3.76338943694598,3.40446829102676,4.13595252611743,Medicare,Payer,VA
Virginia,oop,2013-2019,FALSE,TRUE,1.10663929391001,-0.494751359600817,2.69626642572696,OOP,Payer,VA
Virginia,priv,2013-2019,FALSE,TRUE,2.57364177576801,0.347721271139505,4.70591636474273,Private,Payer,VA
Virginia,dent,2013-2019,FALSE,TRUE,0.966987411292845,-0.72101237425252,2.7217041637199,Dental,TOC,VA
Virginia,hh,2013-2019,FALSE,TRUE,2.47861052213982,0.832306748836971,4.17097006850925,Home health,TOC,VA
Virginia,hosp,2013-2019,FALSE,TRUE,3.01456551098021,2.53091735484594,3.49964444392322,Hospital,TOC,VA
Virginia,nf,2013-2019,FALSE,TRUE,0.355438871259987,-0.236503952122697,1.01954545874241,Skilled nursing,TOC,VA
Virginia,oprof,2013-2019,FALSE,TRUE,2.79175288096352,2.20570146312721,3.36865967348699,Other professional,TOC,VA
Virginia,other,2013-2019,FALSE,TRUE,2.11485827375765,1.39189596046331,2.82021022414678,Other,TOC,VA
Virginia,pharma,2013-2019,FALSE,TRUE,3.15647745940537,1.41690160565379,4.89068051015369,Pharmaceuticals,TOC,VA
Virginia,phys,2013-2019,FALSE,TRUE,1.97748159984288,1.41937427203653,2.57307788194516,Physician/clinical services,TOC,VA
Washington,agg,2013-2019,TRUE,TRUE,2.18344727762988,1.97424228427756,2.41613814493134,Aggregate,Aggregate,WA
Washington,mdcd,2013-2019,TRUE,TRUE,7.79619531920683,0.0749565562231712,15.1946574033999,Medicaid,Payer,WA
Washington,mdcr,2013-2019,TRUE,TRUE,3.18937563161028,1.76319154763158,4.63052648277793,Medicare,Payer,WA
Washington,oop,2013-2019,TRUE,TRUE,-0.774987865311299,-5.40720522641578,3.60890433651092,OOP,Payer,WA
Washington,priv,2013-2019,TRUE,TRUE,1.66349007389402,-1.66985524849442,4.77568844291705,Private,Payer,WA
Washington,dent,2013-2019,TRUE,TRUE,0.97113644008998,0.0931909128297814,1.79539049777025,Dental,TOC,WA
Washington,hh,2013-2019,TRUE,TRUE,3.35853297594329,1.23821395479387,5.46211546964726,Home health,TOC,WA
Washington,hosp,2013-2019,TRUE,TRUE,2.42101329177886,2.01509032767984,2.8373876509946,Hospital,TOC,WA
Washington,nf,2013-2019,TRUE,TRUE,0.603986220308855,-1.15703313655111,2.49872616699274,Skilled nursing,TOC,WA
Washington,oprof,2013-2019,TRUE,TRUE,2.67557755592097,1.44062836955104,3.93863658345888,Other professional,TOC,WA
Washington,other,2013-2019,TRUE,TRUE,0.697506822653483,-0.96118486410569,2.32853540815601,Other,TOC,WA
Washington,pharma,2013-2019,TRUE,TRUE,3.06253013622833,0.133114995830529,5.81110323856778,Pharmaceuticals,TOC,WA
Washington,phys,2013-2019,TRUE,TRUE,2.26911871189795,1.54022393799737,2.97950685319358,Physician/clinical services,TOC,WA
West Virginia,agg,2013-2019,TRUE,TRUE,3.37113285205969,2.81337125202957,3.97911295967689,Aggregate,Aggregate,WV
West Virginia,mdcd,2013-2019,TRUE,TRUE,4.50770576689532,1.8184479572445,7.38587055802438,Medicaid,Payer,WV
West Virginia,mdcr,2013-2019,TRUE,TRUE,3.85081918188938,2.45134374556399,5.20253611882593,Medicare,Payer,WV
West Virginia,oop,2013-2019,TRUE,TRUE,4.5181045894726,0.664658588105564,8.16075454915568,OOP,Payer,WV
West Virginia,priv,2013-2019,TRUE,TRUE,0.589505979390375,-7.18582086972453,8.38714568576216,Private,Payer,WV
West Virginia,dent,2013-2019,TRUE,TRUE,1.49584322407627,0.232855138905973,2.86557847001779,Dental,TOC,WV
West Virginia,hh,2013-2019,TRUE,TRUE,3.13979335257388,0.073873978506217,6.13149505550147,Home health,TOC,WV
West Virginia,hosp,2013-2019,TRUE,TRUE,3.51524133844984,2.92145740234639,4.21717455986226,Hospital,TOC,WV
West Virginia,nf,2013-2019,TRUE,TRUE,1.35230770625955,-0.105590414270204,2.82655360819669,Skilled nursing,TOC,WV
West Virginia,oprof,2013-2019,TRUE,TRUE,3.74796139163587,2.23069046344417,5.25226004471969,Other professional,TOC,WV
West Virginia,other,2013-2019,TRUE,TRUE,3.18340780120835,1.42042622539188,5.23079134113789,Other,TOC,WV
West Virginia,pharma,2013-2019,TRUE,TRUE,4.88602894262912,3.14733213392862,6.63093992554207,Pharmaceuticals,TOC,WV
West Virginia,phys,2013-2019,TRUE,TRUE,2.88106430323284,2.12948177278738,3.70617726844061,Physician/clinical services,TOC,WV
Wisconsin,agg,2013-2019,FALSE,FALSE,2.85574224024142,2.66489276448443,3.05501754759892,Aggregate,Aggregate,WI
Wisconsin,mdcd,2013-2019,FALSE,FALSE,2.85915247026846,0.421325117196009,5.16165085714927,Medicaid,Payer,WI
Wisconsin,mdcr,2013-2019,FALSE,FALSE,3.73166869894875,2.65079347490765,4.74685396950824,Medicare,Payer,WI
Wisconsin,oop,2013-2019,FALSE,FALSE,2.88658412527414,0.406381344947891,5.14594713595052,OOP,Payer,WI
Wisconsin,priv,2013-2019,FALSE,FALSE,2.39784351508327,1.13167011255072,3.63637875666397,Private,Payer,WI
Wisconsin,dent,2013-2019,FALSE,FALSE,1.35333041494829,-2.01004911575357,5.03633961645676,Dental,TOC,WI
Wisconsin,hh,2013-2019,FALSE,FALSE,2.63912150040122,1.34638544582506,3.92172181639555,Home health,TOC,WI
Wisconsin,hosp,2013-2019,FALSE,FALSE,3.49427766803727,2.60633421651485,4.38553828478611,Hospital,TOC,WI
Wisconsin,nf,2013-2019,FALSE,FALSE,0.691839827252077,0.0736850019268903,1.34395338787737,Skilled nursing,TOC,WI
Wisconsin,oprof,2013-2019,FALSE,FALSE,2.93900840694764,1.29617151227033,4.70722834770863,Other professional,TOC,WI
Wisconsin,other,2013-2019,FALSE,FALSE,1.77065214573424,-0.587835984660087,4.19473851188021,Other,TOC,WI
Wisconsin,pharma,2013-2019,FALSE,FALSE,3.81686684451546,3.0300381490786,4.60180434378252,Pharmaceuticals,TOC,WI
Wisconsin,phys,2013-2019,FALSE,FALSE,2.43678624045742,1.97337922976497,2.92762247259238,Physician/clinical services,TOC,WI
Wyoming,agg,2013-2019,FALSE,FALSE,3.70917668408806,1.8009803743558,5.63056197816236,Aggregate,Aggregate,WY
Wyoming,mdcd,2013-2019,FALSE,FALSE,0.968525288119784,-2.60555321927936,4.6837480575381,Medicaid,Payer,WY
Wyoming,mdcr,2013-2019,FALSE,FALSE,5.41377031154371,3.35266336882247,7.53269834416612,Medicare,Payer,WY
Wyoming,oop,2013-2019,FALSE,FALSE,4.6971914853419,1.91919667862585,7.6509219485821,OOP,Payer,WY
Wyoming,priv,2013-2019,FALSE,FALSE,2.86635903174769,-0.26085513870286,6.08626735474857,Private,Payer,WY
Wyoming,dent,2013-2019,FALSE,FALSE,2.53403756171675,0.400906980991282,4.54306981745215,Dental,TOC,WY
Wyoming,hh,2013-2019,FALSE,FALSE,4.39824084464216,1.6170817255875,7.32364006865302,Home health,TOC,WY
Wyoming,hosp,2013-2019,FALSE,FALSE,4.21165004064435,1.94531380629536,6.5322651915235,Hospital,TOC,WY
Wyoming,nf,2013-2019,FALSE,FALSE,1.50256733175733,-0.661152289320128,3.59214699810704,Skilled nursing,TOC,WY
Wyoming,oprof,2013-2019,FALSE,FALSE,3.75182029050903,1.24460785625437,6.1807549013017,Other professional,TOC,WY
Wyoming,other,2013-2019,FALSE,FALSE,2.97592513652733,-0.506406049387585,6.39647903149712,Other,TOC,WY
Wyoming,pharma,2013-2019,FALSE,FALSE,4.38875133723526,-0.348358259578805,9.80106966326758,Pharmaceuticals,TOC,WY
Wyoming,phys,2013-2019,FALSE,FALSE,3.21564763458841,1.14121669436504,5.25902683525382,Physician/clinical services,TOC,WY
